index,Unassigned;__;__;__;__,k__Bacteria;__;__;__;__,k__Bacteria;p__Actinobacteria;c__Actinobacteria;o__Actinomycetales;f__Intrasporangiaceae,k__Bacteria;p__Actinobacteria;c__Actinobacteria;o__Actinomycetales;f__Micrococcaceae,k__Bacteria;p__Actinobacteria;c__Actinobacteria;o__Bifidobacteriales;f__Bifidobacteriaceae,k__Bacteria;p__Actinobacteria;c__Coriobacteriia;o__Coriobacteriales;f__Coriobacteriaceae,k__Bacteria;p__Bacteroidetes;c__Bacteroidia;o__Bacteroidales;f__Rikenellaceae,k__Bacteria;p__Cyanobacteria;c__4C0d-2;o__YS2;f__,k__Bacteria;p__Firmicutes;c__Bacilli;o__Bacillales;f__Bacillaceae,k__Bacteria;p__Firmicutes;c__Bacilli;o__Bacillales;f__Staphylococcaceae,k__Bacteria;p__Firmicutes;c__Bacilli;o__Lactobacillales;f__Aerococcaceae,k__Bacteria;p__Firmicutes;c__Bacilli;o__Lactobacillales;f__Enterococcaceae,k__Bacteria;p__Firmicutes;c__Bacilli;o__Lactobacillales;f__Lactobacillaceae,k__Bacteria;p__Firmicutes;c__Bacilli;o__Lactobacillales;f__Leuconostocaceae,k__Bacteria;p__Firmicutes;c__Bacilli;o__Lactobacillales;f__Streptococcaceae,k__Bacteria;p__Firmicutes;c__Bacilli;o__Turicibacterales;f__Turicibacteraceae,k__Bacteria;p__Firmicutes;c__Clostridia;o__Clostridiales;__,k__Bacteria;p__Firmicutes;c__Clostridia;o__Clostridiales;f__,k__Bacteria;p__Firmicutes;c__Clostridia;o__Clostridiales;f__Christensenellaceae,k__Bacteria;p__Firmicutes;c__Clostridia;o__Clostridiales;f__Clostridiaceae,k__Bacteria;p__Firmicutes;c__Clostridia;o__Clostridiales;f__Dehalobacteriaceae,k__Bacteria;p__Firmicutes;c__Clostridia;o__Clostridiales;f__Eubacteriaceae,k__Bacteria;p__Firmicutes;c__Clostridia;o__Clostridiales;f__Lachnospiraceae,k__Bacteria;p__Firmicutes;c__Clostridia;o__Clostridiales;f__Peptostreptococcaceae,k__Bacteria;p__Firmicutes;c__Clostridia;o__Clostridiales;f__Ruminococcaceae,k__Bacteria;p__Firmicutes;c__Clostridia;o__Clostridiales;f__Veillonellaceae,k__Bacteria;p__Firmicutes;c__Clostridia;o__Clostridiales;f__[Mogibacteriaceae],k__Bacteria;p__Firmicutes;c__Clostridia;o__Clostridiales;f__[Tissierellaceae],k__Bacteria;p__Firmicutes;c__Erysipelotrichi;o__Erysipelotrichales;f__Erysipelotrichaceae,k__Bacteria;p__Proteobacteria;c__Alphaproteobacteria;o__Rhizobiales;f__Brucellaceae,k__Bacteria;p__Proteobacteria;c__Alphaproteobacteria;o__Rhodobacterales;f__Rhodobacteraceae,k__Bacteria;p__Proteobacteria;c__Deltaproteobacteria;o__Desulfovibrionales;f__Desulfovibrionaceae,k__Bacteria;p__Proteobacteria;c__Gammaproteobacteria;o__Enterobacteriales;f__Enterobacteriaceae,k__Bacteria;p__Proteobacteria;c__Gammaproteobacteria;o__Pseudomonadales;f__Moraxellaceae,k__Bacteria;p__Tenericutes;c__Mollicutes;o__Anaeroplasmatales;f__Anaeroplasmataceae,k__Bacteria;p__Tenericutes;c__Mollicutes;o__RF39;f__,BarcodeSequence,LinkerPrimerSequence,Treatment,Day,Treatment_Day,Description
TU1,5.0,0.0,0.0,0.0,1111.0,679.0,878.0,142.0,100.0,7.0,0.0,32.0,5163.0,0.0,1896.0,0.0,229.0,26658.0,186.0,659.0,18.0,96.0,15715.0,0.0,41606.0,0.0,108.0,0.0,3791.0,6.0,0.0,0.0,698.0,6.0,355.0,1627.0,ACTCGCTACCTAGAGT,,Control,d28,Control_d28,
TU10,0.0,0.0,0.0,0.0,27.0,58.0,78.0,0.0,0.0,0.0,0.0,0.0,828.0,0.0,184.0,0.0,0.0,4230.0,0.0,148.0,0.0,8.0,5361.0,0.0,8969.0,7.0,0.0,0.0,1220.0,0.0,0.0,0.0,0.0,0.0,70.0,466.0,TACGCTGCCCTAGAGT,,Control,d28,Control_d28,
TU12,0.0,0.0,0.0,0.0,160.0,97.0,174.0,40.0,0.0,4.0,0.0,0.0,1308.0,0.0,325.0,0.0,59.0,5838.0,0.0,61.0,0.0,19.0,4120.0,0.0,8428.0,0.0,0.0,0.0,1305.0,0.0,0.0,0.0,69.0,0.0,0.0,838.0,ATGCGCAGCCTAGAGT,,Control,d28,Control_d28,
TU2,0.0,0.0,0.0,0.0,419.0,213.0,131.0,6.0,0.0,0.0,0.0,28.0,2286.0,0.0,793.0,0.0,50.0,3585.0,0.0,6.0,0.0,52.0,3131.0,0.0,6242.0,0.0,0.0,0.0,1862.0,0.0,0.0,0.0,160.0,0.0,106.0,825.0,GGAGCTACCCTAGAGT,,Control,d28,Control_d28,
TU29,0.0,0.0,0.0,4.0,44.0,90.0,97.0,58.0,4.0,0.0,0.0,0.0,870.0,0.0,219.0,5.0,129.0,6594.0,22.0,247.0,0.0,20.0,6100.0,0.0,12171.0,0.0,0.0,0.0,1610.0,0.0,0.0,8.0,176.0,0.0,108.0,455.0,TAGCGCTCCCTAGAGT,,ALT0.05,d28,ALT0.05_d28,
TU3,0.0,0.0,0.0,0.0,246.0,67.0,199.0,117.0,53.0,3.0,0.0,0.0,985.0,0.0,258.0,0.0,0.0,5708.0,0.0,223.0,0.0,0.0,4268.0,0.0,11709.0,0.0,0.0,0.0,1059.0,0.0,0.0,54.0,97.0,0.0,160.0,584.0,GCGTAGTACCTAGAGT,,Control,d28,Control_d28,
TU30,3.0,0.0,0.0,0.0,0.0,92.0,553.0,0.0,15.0,0.0,0.0,0.0,1312.0,4.0,139.0,0.0,0.0,5575.0,75.0,239.0,45.0,41.0,4665.0,0.0,8606.0,0.0,19.0,0.0,940.0,0.0,0.0,40.0,98.0,0.0,0.0,610.0,ACTGAGCGCCTAGAGT,,ALT0.05,d28,ALT0.05_d28,
TU32,0.0,0.0,0.0,0.0,98.0,84.0,137.0,47.0,15.0,0.0,0.0,0.0,1319.0,0.0,152.0,0.0,3.0,3993.0,0.0,209.0,0.0,0.0,5066.0,0.0,10087.0,0.0,0.0,0.0,999.0,0.0,0.0,0.0,242.0,0.0,85.0,358.0,CCTAAGACCCTAGAGT,,ALT0.05,d28,ALT0.05_d28,
TU33,0.0,0.0,0.0,0.0,732.0,188.0,199.0,0.0,0.0,0.0,0.0,0.0,1049.0,0.0,199.0,0.0,103.0,5013.0,26.0,63.0,0.0,55.0,4464.0,3.0,8984.0,0.0,25.0,0.0,1258.0,0.0,0.0,0.0,102.0,0.0,0.0,740.0,CGATCAGTCCTAGAGT,,ALT0.05,d28,ALT0.05_d28,
TU34,0.0,0.0,0.0,0.0,289.0,173.0,137.0,125.0,0.0,0.0,0.0,0.0,1542.0,0.0,187.0,0.0,78.0,8248.0,39.0,313.0,3.0,63.0,3424.0,0.0,10531.0,0.0,0.0,0.0,1214.0,0.0,0.0,0.0,72.0,0.0,216.0,1052.0,TGCAGCTACCTAGAGT,,ALT0.05,d28,ALT0.05_d28,
TU35,0.0,0.0,0.0,0.0,173.0,62.0,0.0,5.0,22.0,0.0,0.0,26.0,545.0,0.0,152.0,0.0,80.0,5811.0,15.0,288.0,0.0,19.0,4197.0,0.0,11812.0,0.0,0.0,0.0,1038.0,0.0,0.0,0.0,118.0,0.0,132.0,292.0,TCGACGTCCCTAGAGT,,ALT0.05,d28,ALT0.05_d28,
TU49,0.0,0.0,0.0,0.0,1473.0,305.0,367.0,84.0,0.0,0.0,0.0,29.0,6133.0,5.0,1160.0,0.0,49.0,16267.0,2.0,611.0,0.0,108.0,11779.0,56.0,24026.0,0.0,4.0,2.0,4926.0,0.0,3.0,0.0,814.0,0.0,525.0,1266.0,ACTCGCTAGCGTAAGA,,ALT0.1,d28,ALT0.1_d28,
TU50,0.0,0.0,0.0,8.0,467.0,511.0,722.0,303.0,0.0,0.0,0.0,0.0,4797.0,0.0,327.0,0.0,486.0,8730.0,61.0,659.0,13.0,38.0,4915.0,0.0,13008.0,0.0,0.0,0.0,3241.0,3.0,0.0,21.0,152.0,0.0,0.0,1286.0,GGAGCTACGCGTAAGA,,ALT0.1,d28,ALT0.1_d28,
TU51,4.0,0.0,0.0,0.0,1135.0,167.0,0.0,31.0,0.0,0.0,0.0,25.0,1375.0,0.0,274.0,0.0,32.0,6898.0,23.0,150.0,0.0,15.0,5230.0,22.0,10513.0,0.0,0.0,0.0,1625.0,0.0,0.0,0.0,0.0,0.0,81.0,555.0,GCGTAGTAGCGTAAGA,,ALT0.1,d28,ALT0.1_d28,
TU52,0.0,0.0,0.0,0.0,757.0,244.0,0.0,8.0,0.0,0.0,0.0,18.0,1381.0,0.0,274.0,0.0,2.0,4793.0,0.0,304.0,0.0,40.0,8300.0,0.0,12268.0,0.0,0.0,0.0,1418.0,0.0,0.0,0.0,145.0,0.0,37.0,353.0,CGGAGCCTGCGTAAGA,,ALT0.1,d28,ALT0.1_d28,
TU53,3.0,0.0,0.0,0.0,457.0,240.0,200.0,0.0,5.0,0.0,0.0,0.0,3905.0,0.0,245.0,0.0,8.0,3999.0,0.0,132.0,0.0,10.0,2641.0,0.0,5787.0,0.0,0.0,0.0,1080.0,0.0,0.0,0.0,90.0,0.0,152.0,303.0,TACGCTGCGCGTAAGA,,ALT0.1,d28,ALT0.1_d28,
TU54,0.0,0.0,0.0,0.0,681.0,158.0,155.0,0.0,0.0,0.0,0.0,0.0,1874.0,0.0,364.0,0.0,0.0,5661.0,0.0,220.0,0.0,20.0,6235.0,34.0,12758.0,0.0,0.0,0.0,2374.0,0.0,0.0,0.0,186.0,0.0,0.0,968.0,ATGCGCAGGCGTAAGA,,ALT0.1,d28,ALT0.1_d28,
TU74,0.0,0.0,0.0,0.0,441.0,95.0,0.0,46.0,0.0,0.0,0.0,0.0,1516.0,0.0,201.0,0.0,46.0,5634.0,0.0,263.0,0.0,42.0,7961.0,0.0,16326.0,0.0,0.0,0.0,1516.0,0.0,0.0,0.0,116.0,0.0,174.0,620.0,TAGCGCTCGCGTAAGA,,ALT0.5,d28,ALT0.5_d28,
TU77,0.0,0.0,0.0,0.0,192.0,0.0,101.0,15.0,0.0,0.0,0.0,0.0,4367.0,0.0,451.0,0.0,0.0,5449.0,25.0,167.0,0.0,8.0,3300.0,185.0,11320.0,0.0,5.0,0.0,1327.0,0.0,0.0,83.0,70.0,0.0,110.0,414.0,ACTGAGCGGCGTAAGA,,ALT0.5,d28,ALT0.5_d28,
TU78,0.0,3.0,0.0,0.0,534.0,0.0,145.0,0.0,0.0,3.0,0.0,0.0,1579.0,0.0,294.0,0.0,5.0,3912.0,7.0,230.0,0.0,19.0,5150.0,112.0,8833.0,0.0,0.0,0.0,1312.0,0.0,0.0,0.0,2.0,0.0,89.0,520.0,CCTAAGACGCGTAAGA,,ALT0.5,d28,ALT0.5_d28,
TU79,0.0,3.0,5.0,0.0,884.0,169.0,155.0,46.0,137.0,0.0,8.0,57.0,2435.0,14.0,1212.0,0.0,6.0,5870.0,23.0,313.0,0.0,50.0,4191.0,133.0,9893.0,0.0,0.0,0.0,1578.0,2.0,0.0,0.0,302.0,0.0,0.0,796.0,CGATCAGTGCGTAAGA,,ALT0.5,d28,ALT0.5_d28,
TU8,0.0,0.0,0.0,0.0,224.0,0.0,0.0,0.0,3.0,0.0,0.0,0.0,1315.0,0.0,0.0,0.0,0.0,4252.0,20.0,127.0,0.0,0.0,5873.0,0.0,8568.0,0.0,0.0,0.0,985.0,0.0,0.0,0.0,0.0,0.0,55.0,361.0,CGGAGCCTCCTAGAGT,,Control,d28,Control_d28,
TU80,0.0,0.0,0.0,0.0,1113.0,94.0,191.0,7.0,0.0,0.0,0.0,31.0,1542.0,0.0,240.0,0.0,12.0,5589.0,0.0,217.0,0.0,36.0,3450.0,130.0,8724.0,0.0,0.0,0.0,1519.0,0.0,0.0,3.0,146.0,0.0,121.0,392.0,TGCAGCTAGCGTAAGA,,ALT0.5,d28,ALT0.5_d28,
TU84,0.0,0.0,0.0,0.0,559.0,0.0,230.0,32.0,3.0,0.0,0.0,0.0,1477.0,0.0,231.0,0.0,169.0,8566.0,0.0,72.0,0.0,45.0,4562.0,0.0,11730.0,0.0,0.0,2.0,1507.0,0.0,0.0,13.0,107.0,0.0,136.0,858.0,TCGACGTCGCGTAAGA,,ALT0.5,d28,ALT0.5_d28,
